0	Which is better, a laptop or a desktop?
1	Which is better, Canon or Nikon?
2	What are the advantages and disadvantages of PHP over Python and vice versa?
3	Why is Linux better than Windows?
4	Train or plane? Which is the better choice?
5	Should one prefer Chinese medicine or Western medicine?
6	Do you prefer cats or dogs, and why?
7	What is the better way to grill outdoors: gas or charcoal?
8	Which is better, MAC or PC?
9	Which is better, Pepsi or Coke?
10	What is better, Google search or Yahoo search?
11	Which browser is better, Internet Explorer or Firefox?
12	Which is a better vehicle: BMW or Audi?
13	Which one is better, an electric stove or a gas stove?
14	What planes are best, Boeing or Airbus?
15	Should I buy an Xbox or a PlayStation?
16	What is better: ASP or PHP?
17	What is better for the environment, a real or a fake Christmas tree?
18	What IDE is better for Java: NetBeans or Eclipse?
19	Is OpenGL better than Direct3D in terms of portability to different platforms?
20	Which four wheel truck is better: Ford or Toyota?
21	Should I prefer a Leica camera over Nikon for portrait photographs?
22	Is pasta healthier than pizza?
23	What is better at reducing fever in children, Ibuprofen or Aspirin?
24	Should I buy steel or ceramic knives?
25	Is morning or afternoon sun the best for fruit trees?
26	What is better for back pain, chiropractic therapy or physical therapy?
27	Is Kenya or Tanzania better for a safari?
28	Which is better, Family Guy or The Simpsons?
29	Which is more difficult, skiing or snowboarding?
30	Why is basketball better than football?
31	Who is stronger, Hulk or Superman?
32	Plastic pots or ceramic pots, which is better in terms of plant health?
33	Should I take the IELTS or the TOEFL?
34	Are online courses better than physical classrooms?
35	Who was a better boxer, Muhammad Ali or Joe Frazier?
36	Which technology performs better: Apple's or Google's?
37	Who is better at learning a foreign language, kids or adults?
38	Which city is better, London or Paris?
39	Are artificial sweeteners better than white sugar?
40	Is it healthier to bake than to fry food?
41	Which algorithm is better, quicksort or merge sort?
42	What is better, cow milk or goat milk?
43	I am planning to buy sneakers: Which are better, Adidas or Nike?
44	Should I major in philosophy or psychology?
45	When are random forest classifiers better than decision trees?
46	What are the pros and cons of wood vs. stone mulch?
47	Is rain water better than tap water for plants?
48	Which is more environmentally friendly, a hybrid or a diesel?
49	Should I learn Python or R for data analysis?
