30	Does unpasteurized cheese taste better than pasteurized cheese?
31	Which light bulb is better, incandescent or fluorescent?
32	What is the difference between quantum physics and quantum mechanics?
33	What is better, cow milk or goat milk?
34	Psoriasis vs Eczema: What is the difference?
35	I am planning to buy sneakers: Which are better, Adidas or Nike?
36	Is Obamacare really any better than Medicare?
37	Should I major in philosophy or psychology?
38	What are the differences between biodegradable and non-biodegradable wastes?
39	What are good business books to read?
