0	What is better at reducing fever in children, Ibuprofen or Aspirin?
1	What are the best rice cookers?
2	Should I buy steel or ceramic knives?
3	Is morning or afternoon sun the best for fruit trees?
4	What is better for back pain, chiropractic therapy or physical therapy?
5	Is Kenya or Tanzania better for a safari?
6	How is a Master's degree different from a Bachelor's degree?
7	Which is better, Family Guy or The Simpsons?
8	Which is more difficult, skiing or snowboarding?
9	Why is basketball better than football?
10	Who is stronger, Hulk or Superman?
11	Plastic pots or ceramic pots, which is better in terms of plant health?
12	What is the coldest temperature ever recorded on Earth, and where?
13	What is the most popular beer in Australia?
14	Are dogs better than humans?
15	What diet gives the best result to lose weight?
16	Should I take the IELTS or the TOEFL?
17	Are online courses better than physical classrooms?
18	Who was a better boxer, Muhammad Ali or Joe Frazier?
19	Which technology performs better: Apple's or Google's?
20	Is gold equal to platinum?
21	Who is better at learning a foreign language, kids or adults?
22	What's the difference between coffee, espresso, cappuccino, and latte?
23	Which city is better, London or Paris?
24	What is better, a conditioner or a moisturizer?
25	Are artificial sweeteners better than white sugar?
26	Is it healthier to bake than to fry food?
27	Which algorithm is better, quicksort or merge sort?
28	What is more interesting, computer science or computer engineering?
29	What is the difference between a vegan and a vegetarian?
30	Does unpasteurized cheese taste better than pasteurized cheese?
31	Which light bulb is better, incandescent or fluorescent?
32	What is the difference between quantum physics and quantum mechanics?
33	What is better, cow milk or goat milk?
34	Psoriasis vs Eczema: What is the difference?
35	I am planning to buy sneakers: Which are better, Adidas or Nike?
36	Is Obamacare really any better than Medicare?
37	Should I major in philosophy or psychology?
38	What are the differences between biodegradable and non-biodegradable wastes?
39	What are good business books to read?
40	When are random forest classifiers better than decision trees?
41	What are the pros and cons of wood vs. stone mulch?
42	Is rain water better than tap water for plants?
43	Suitcases: hard or soft?
44	Which is more environmentally friendly, a hybrid or a diesel?
45	Which is healthier to wear, boxers or briefs?
46	What is the difference between a blender vs a food processor?
47	Which is better, rock or rap?
48	Do you think imagination is better than knowledge?
49	Should I learn Python or R for data analysis?
